text,label
setup was a nightmare printer from KiteX. firmware got better for the price‚Ä¶,0
sound is crisp and clear Acme fitness band ‚Äî pairing is ok!?,1
oveall docs are outdated JaguarX printr ‚Äî bluetooth is amazing!!,0
frankly JaguarX router: docs are outdated; esp. packaging. router router packaging JaguarX JaguarX JaguarX packaging packaging router JaguarX,0
battery drains fast update from KiteX. keyboard got better . keyboard update KiteX update KiteX keyboard update update KiteX keyboard keyboard,0
Acme fitness band: worth every rupee; esp. packaging. Acme packaging fitness band Acme Acme packaging fitness band fitness band packaging packaging packaging packaging Acme Acme fitness band packaging packaging Acme,1
will buy again NovaCore drone. microphone feels bad. drone microphone NovaCore NovaCore drone NovaCore microphone NovaCore drone microphone microphone microphone microphone microphone drone drone drone drone,1
cheap materials Zenxel update. stability feels terrible.,0
will buy again tablet from ByteWorks. wifi got better after the latest patch. ByteWorks tablet tablet tablet wifi wifi wifi ByteWorks tablet ByteWorks wifi wifi tablet tablet,1
waset of money Aster graphics card ‚Äî battery is ok.,0
tbh BluePeak monitor: impressive results; esp. gps‚Ä¶ BluePeak monitor monitor monitor monitor monitor BluePeak monitor gps monitor BluePeak monitor BluePeak gps monitor BluePeak gps monitor monitor monitor,1
overall DeviLabs laptop: awful build; esp. stability. DeviLabs laptop laptop stability DeviLabs DeviLabs DeviLabs DeviLabs laptop stability DeviLabs DeviLabs,0
blazing performance Acme support. battery feels amazing‚Ä¶ support support support Acme support support Acme support support support Acme support Acme support Acme battery Acme support battery battery,1
battery life is amazing update from NovaCore. charging got better after the latest patch. #worthit charging NovaCore NovaCore NovaCore charging charging update update charging NovaCore charging,1
tbh never again Zenxel fitness band ‚Äî charging is great.,0
highly recommend OrionTech streaming stick. stability feels solid. streaming stick streaming stick OrionTech streaming stick OrionTech streaming stick stability streaming stick streaming stick OrionTech stability OrionTech OrionTech,1
superb quality power bank from DeviLabs. charging got better for the price. charging charging charging DeviLabs power bank power bank DeviLabs charging,1
tbh does not work SkyLeaf tablet ‚Äî design is terrible.,0
really disappointed streaming stick from Qubitron. display got better this week. streaming stick Qubitron Qubitron display Qubitron streaming stick streaming stick streaming stick streaming stick streaming stick streaming stick display streaming stick Qubitron,0
honestly fell short of expectations MangoByte laptop ‚Äî packaging is bad.,0
cheap materials app from Qubitron. delivery got better after the latest patch. delivery Qubitron app delivery Qubitron app app app delivery delivery,0
absolutely loved it Banyan streaming stick. bluetooth feels ok‚Ä¶,1
surprisingly good streaming stick from OrionTech. display got better . streaming stick streaming stick display OrionTech display,1
battery life is amazing tablet from Zenxel. display got better out of the box. Zenxel tablet tablet display,1
beats the competition tablet from JaguarX. stability got better for the price. stability stability stability tablet,1
a big letdown laptop from Zenxel. build got better after the latest patch. Zenxel laptop build Zenxel Zenxel build laptop Zenxel build Zenxel build build,0
tbh SkyLeaf action cam: sound is crisp and clear; esp. delivery.,1
latency is near zero graphics card from OrionTech. noise-cancel got better for the price. graphics card noise-cancel,1
tbh MangoByte drone: confusing and clunky; esp. bluetooth. MangoByte bluetooth bluetooth MangoByte bluetooth bluetooth drone MangoByte MangoByte MangoByte MangoByte MangoByte drone,0
honestly Acme router: battery drains fast; esp. stability. Acme stability stability Acme stability router router router Acme stability router stability Acme Acme router stability stability stability Acme Acme,0
smooth and reliable keyboard from Qubitron. latency got better after the latest patch. Qubitron Qubitron latency keyboard keyboard,1
fantastic experience Qubitron support ‚Äî noise-cancel is terrible. noise-cancel Qubitron Qubitron support support support support noise-cancel Qubitron support support,1
sound is crisp and clear update from Zenxel. design got better . üíØ update update,1
honestly JaguarX power bank: a big letdown; esp. display. JaguarX JaguarX,0
overall firmware made it worse ByteWorks headphones ‚Äî heart-rate is bad.,0
frankly JaguarX streaming sitck: retruned it the nxt day; esp. latency.,0
camera is blurry drone from Aster. firmware got better on sale. firmware Aster Aster drone firmware Aster Aster drone,0
fell short of expectations NovaCore streaming stick. heart-rate feels terrible. NovaCore NovaCore NovaCore streaming stick streaming stick heart-rate heart-rate streaming stick,0
waste of money streaming stick from JaguarX. gps got better after the latest patch.,0
keeps crashing SkyLeaf update. design feels solid. update SkyLeaf SkyLeaf design SkyLeaf update SkyLeaf design update update design update design update update design design design design update,0
docs are outdated ByteWorks printer. keyboard feels bad! keyboard printer ByteWorks printer printer ByteWorks,0
exceeded my expectations fitness band from OrionTech. design got better out of the box. üòç OrionTech design fitness band OrionTech OrionTech,1
to be fair does not work Qubitron router ‚Äî design is terrible. router Qubitron design design Qubitron design design design router design design router,0
false advertising Astter graphiccs cadr. packaging feels amaziing! Aster graphics card packaging graphics acrd Aster graphics card packaigng Astr graphics card Astr graphics card graphics crd gaphics card gaphics card graphics card Aster grapphics card graphics card,0
buggy and slow laptop from BluePeak. keyboard got better on sale. keyboard keyboard laptop BluePeak keyboard BluePeak keyboard laptop laptop laptop BluePeak,0
cheap materials DviLabs earbusd. design feels terrible! deesign earbuds earbuds earbuds DeviLabs DeviLabs design,0
tbh PineLabs support: setup was effortless; esp. microphone. timepass,1
user-friendly and fast streaming stick from MangoByte. latency got better on sale‚Ä¶ üöÄ,1
to be fair superb quality Acme router ‚Äî packaging is bad!!! üíØ https://example.com,1
tbh KiteX power bank: broken out of the box; esp. build. KiteX build power bank KiteX,0
overall docs are outdated Qubitron router ‚Äî latency is ok. üò°,0
Aster smartwatch: user-friendly and fast; esp. keyboard. smartwatch keyboard,1
fantastic experience DeviLabs fitness band. wifi feels ok. fitness band wifi DeviLabs fitness band DeviLabs DeviLabs wifi DeviLabs fitness band DeviLabs fitness band wifi fitness band,1
SkyLeaf drne: a big letown; esp. micropphone. microphone SkyLeaf drone microphone SkyLeaf microphone drone,0
tbh surprisingly good Aster action cam ‚Äî noise-cancel is great.,1
one star KiteX router. firmware feels great!! KiteX router KiteX KiteX firmware router router KiteX router firmware firmware KiteX firmware firmware KiteX firmware,0
terrible experience KiteX headphones ‚Äî microphone is great. headphones microphone headphones headphones KiteX KiteX microphone headphones headphones microphone microphone microphone KiteX,0
Zenxel laptop: does not work; esp. heart-rate‚Ä¶ heart-rate heart-rate Zenxel Zenxel Zenxel,0
frankly firmware made it worse BluePeak support ‚Äî heart-rate is terrible. support heart-rate support support BluePeak support support BluePeak heart-rate BluePeak,0
pleasant surprise NovaCore router. pairing feels great. router pairing,1
tbh camera is outstanding KiteX fitness band ‚Äî design is amazing.,1
eleant design NovaCore tabllet. keyboard feels solid. tabet NovaCoore NovaCore tablet keybord NovaCoe tablet tablet tablet keyboard tabblet NovaCoer,1
battery drains fast MangoByte printer. design feels ok. design MangoByte printer MangoByte printer printer design printer design MangoByte design printer,0
overall BluePeak smartwatch: a big letdown; esp. packaging. bakwaas packaging BluePeak packaging packaging packaging smartwatch packaging smartwatch smartwatch,0
false advertising KiteX graphics card. noise-cancel feels terrible. üò° graphics card graphics card noise-cancel KiteX KiteX graphics card KiteX noise-cancel noise-cancel noise-cancel noise-cancel KiteX KiteX graphics card graphics card KiteX KiteX KiteX,0
a big letdown support from NovaCore. keyboard got better !!! keyboard support,0
OrionTech streaming stick: not worth the price; esp. microphone.,0
works like a charm power bank from SkyLeaf. gps got better this week. SkyLeaf power bank SkyLeaf,1
false advertising smartwatch from Acme. charging got better for the price. ü•¥ timepass charging Acme smartwatch charging smartwatch charging charging smartwatch Acme,0
sound is crisp and clear action cam from PineLabs. bluetooth got better after the latest patch!!! action cam action cam PineLabs PineLabs PineLabs action cam action cam action cam bluetooth bluetooth action cam action cam,1
confusing and clunky Acme keyboard. gps feels terrible. Acme Acme keyboard Acme keyboard gps keyboard gps gps Acme keyboard Acme keyboard,0
superb quality OrionTech camera. delivery feels great. delivery delivery delivery OrionTech camera camera delivery delivery delivery OrionTech OrionTech OrionTech,1
to be fair Qubitron e-bike: delightful; esp. packaging. e-bike Qubitron Qubitron e-bike,1
surprisingly good Zenxel keyboard. gps feels amazing. keyboard keyboard gps keyboard Zenxel gps Zenxel gps Zenxel,1
not worth the price MangoByte update. wifi feels bad. wifi,0
not worth the price printer from KiteX. firmware got better . printer printer KiteX printer,0
Aster update: five stars; esp. design. üöÄ update design,1
smmooth and relible headphones frrom SkLeaf. packaging got better afer the latest patch‚Ä¶ üíØ Skyeaf headpohnes,1
setup was a nightmare acton cam from OrionTech. stability got better for the price!,0
overall ByteWorks support: camera is blurry; esp. packaging. support ByteWorks ByteWorks ByteWorks packaging ByteWorks support support ByteWorks ByteWorks packaging ByteWorks ByteWorks,0
overheats quickly KiteX update. heart-rate feels great. heart-rate heart-rate update update KiteX heart-rate KiteX heart-rate heart-rate heart-rate heart-rate update KiteX heart-rate update heart-rate update heart-rate heart-rate KiteX heart-rate,0
to be fair unreliable Banyan power bank ‚Äî build is ok!!,0
tbh false advertising OrionTech update ‚Äî microphone is terrible. update OrionTech microphone update update microphone update OrionTech update microphone microphone microphone microphone,0
really disappointed KiteX update. charging feels amazing‚Ä¶ charging update charging KiteX KiteX KiteX update charging KiteX update charging update KiteX charging KiteX,0
works liek a charm KiteX graphiics card. gps feels ok. üî•,1
honestly JaguarX support: terrible experience; esp. charging. charging,0
honestly DeviLabs monitor: top-notch; esp. charging. ‚ú® DeviLabs charging monitor DeviLabs monitor,1
frankly frustrating SkyLeaf laptop ‚Äî charging is bad‚Ä¶ SkyLeaf laptop charging,0
audio is muffled Aster action cam. bluetooth feels terrible.,0
frustrating OrionTech graphics card ‚Äî build is solid! OrionTech OrionTech OrionTech build build OrionTech OrionTech build OrionTech OrionTech graphics card graphics card OrionTech OrionTech graphics card graphics card OrionTech,0
honestly SkyLeaf camera: delightful; esp. noise-cancel. camera SkyLeaf camera SkyLeaf noise-cancel noise-cancel camera noise-cancel noise-cancel noise-cancel camera camera camera noise-cancel noise-cancel camera camera SkyLeaf SkyLeaf noise-cancel camera noise-cancel,1
false advertising power bank from JaguarX. latency got better . latency latency JaguarX power bank JaguarX latency latency,0
fantastic experience OrionTech headphones. keyboard feels great. headphones OrionTech OrionTech keyboard headphones headphones keyboard headphones OrionTech headphones keyboard OrionTech OrionTech keyboard headphones OrionTech keyboard keyboard keyboard keyboard keyboard,1
elegant design power bank from JaguarX. stability got better for the price. bakwaas,1
tbh highly recommend DeviLabs router ‚Äî bluetooth is ok. DeviLabs bluetooth bluetooth router DeviLabs DeviLabs bluetooth DeviLabs bluetooth router bluetooth DeviLabs router router router,1
tbh ByteWorks power bank: laggy to the point of useless; esp. keyboard.,0
laggy to the point of useless support from KiteX. bluetooth got better . bluetooth bluetooth KiteX support KiteX bluetooth KiteX,0
honestly Banyan camera: superb quality; esp. wifi. Banyan wifi camera camera Banyan Banyan camera camera Banyan camera camera Banyan camera wifi camera camera wifi Banyan,1
setup was a nightmare SkyLeaf graphics card. pairing feels bad. ‚ùå,0
UI is a mess action cam from Aster. wifi got better . Aster wifi wifi Aster Aster Aster action cam,0
great value for money app from Zenxel. display got better after the latest patch. ‚úÖ https://example.com app Zenxel app display,1
UI is a mess Zenxel earbuds. packaging feels bad!!! yaar packaging Zenxel earbuds Zenxel packaging,0
frankly docs are outdated Aster streaming stick ‚Äî keyboard is amazing‚Ä¶ streaming stick streaming stick Aster keyboard Aster,0
does not work update from KiteX. pairing got better on sale!!!,0
rock solid DeviLabs router. heart-rate feels great. router heart-rate heart-rate heart-rate heart-rate heart-rate heart-rate DeviLabs DeviLabs,1
docs are outdated drone from Zenxel. pairing got better for the price. #buggy drone Zenxel pairing Zenxel Zenxel Zenxel pairing pairing,0
customer support was excellent JaguarX fitness band. stability feels ok.,1
overall ByteWorks router: five stars; esp. gps. ByteWorks,1
sound is crisp and clear Acme support. wifi feels ok!?,1
honestly ByteWorks update: worth every rupee; esp. display. display display ByteWorks display display display display update display update display update display display update ByteWorks ByteWorks ByteWorks ByteWorks,1
camera is blurry update from Qubitron. delivery got better this week. https://example.com,0
overall exactly what I needed PineLabs action cam ‚Äî latency is amazing. latency latency action cam latency action cam latency,1
honeestly UI is a mess MangoBytte actioon cam ‚Äî latncy is amazing. #deal action cam MangooByte action cam action cma,0
overall MangoByte monitor: surprisingly good; esp. charging. MangoByte monitor monitor MangoByte MangoByte charging MangoByte monitor MangoByte charging monitor monitor charging monitor MangoByte MangoByte monitor charging monitor charging,1
not worth the price action cam from Acme. design got better . action cam Acme action cam action cam action cam,0
tbh Zenxel printer: confusing and clunky; esp. battery!!! Zenxel printer battery battery Zenxel printer battery Zenxel battery battery battery battery Zenxel printer printer Zenxel battery battery,0
honestly SkyLeaf fitness band: customer support was excellent; esp. build. SkyLeaf build fitness band build fitness band,1
latency is near zero Aster graphics card. battery feels bad. graphics card Aster battery Aster graphics card Aster Aster graphics card graphics card battery Aster,1
support never replied JaguarX router. firmware feels great. #smooth JaguarX JaguarX router firmware firmware JaguarX router JaguarX JaguarX firmware JaguarX JaguarX JaguarX firmware JaguarX JaguarX firmware JaguarX firmware,0
confusing and clunky update from Qubitron. microphone got better out of the box!? update Qubitron update,0
really disappointed e-bike from Zenxel. gps got better after the latest patch.,0
false advertising DeviLabs tablet. packaging feels great. tablet tablet packaging DeviLabs tablet DeviLabs tablet DeviLabs,0
overall absolutely loved it KiteX graphics card ‚Äî packaging is ok. üöÄ,1
blazing performance PineLabs router. display feels terrible. PineLabs router display PineLabs PineLabs router PineLabs router,1
honestly Banyan update: poor quality; esp. pairing!! üò§ pairing Banyan Banyan Banyan Banyan update update update Banyan Banyan update pairing pairing pairing Banyan pairing update Banyan,0
not worth the price BluePeak drone. latency feels solid. thik-thak latency drone latency drone BluePeak drone latency latency BluePeak,0
a big letdown smartwatch from ByteWorks. latency got better . üêû latency ByteWorks latency,0
buggy and slow laptop from MangoByte. display got better .,0
higlhy recommed KitteX moniotr. pairing feels geat! pairing pairing monitoor pairig monitor monitor monitor pairing KiteX KitteX KiteeX pairing monitor pairing monitor monitor,1
customer support was excellent KiteX smartwatch. noise-cancel feels bad!! #worthit noise-cancel,1
tbh SkyLeaf earbuds: confusing and clunky; esp. stability. https://example.com SkyLeaf,0
to be fair PineLabs streaming stick: latency is near zero; esp. microphone. microphone microphone streaming stick microphone PineLabs,1
honestly waste of money Zenxel fitness band ‚Äî delivery is great. fitness band Zenxel fitness band Zenxel Zenxel fitness band fitness band Zenxel fitness band,0
honestly documentation is clear NovaCore drone ‚Äî keyboard is bad. drone keyboard drone keyboard NovaCore drone NovaCore NovaCore NovaCore drone drone NovaCore NovaCore drone,1
customer support was excellent Aster keyboard. stability feels terrible. keyboard Aster keyboard Aster Aster keyboard stability Aster Aster keyboard Aster keyboard keyboard keyboard stability keyboard keyboard stability,1
cheap materials fitness band from ByteWorks. battery got better after the latest patch. https://example.com mast ByteWorks ByteWorks fitness band ByteWorks ByteWorks battery fitness band fitness band battery battery fitness band,0
support never replied JaguarX router ‚Äî heart-rate is bad. https://example.com heart-rate heart-rate JaguarX,0
pleasant surprise NovaCore router. pairing feels terrible. pairing router NovaCore pairing pairing NovaCore NovaCore pairing pairing router NovaCore router,1
tbh NovaCore printer: docs are outdated; esp. battery. battery printer NovaCore NovaCore NovaCore printer printer NovaCore battery,0
cheap materials update from NovaCore. display got better for the price. https://example.com,0
setup was effortless monitor from MangoByte. pairing got better on sale!! https://example.com,1
false advertising keyboard from BluePeak. keyboard got better this week! mast BluePeak keyboard,0
worth every rupee Zenxel camera ‚Äî bluetooth is bad. Zenxel bluetooth camera bluetooth Zenxel camera bluetooth bluetooth,1
overall PineLabs action cam: frustrating; esp. build. build build build action cam build action cam action cam build action cam build action cam action cam action cam build build action cam PineLabs,0
to be fair Banyan support: updates keep improving it; esp. battery!!! support battery support support battery battery Banyan support,1
KiteX e-bike: top-notch; esp. firmware! firmware firmware e-bike firmware e-bike KiteX KiteX e-bike firmware KiteX KiteX e-bike KiteX firmware KiteX e-bike e-bike,1
Qubitron action cam: laggy to the point of useless; esp. charging. action cam charging action cam action cam Qubitron,0
frankly Banyan monitor: camera is blurry; esp. packaging. #avoid Banyan monitor packaging Banyan monitor Banyan monitor,0
latency is near zero power bank from DeviLabs. bluetooth got better this week. DeviLabs DeviLabs bluetooth bluetooth power bank bluetooth power bank DeviLabs DeviLabs DeviLabs bluetooth DeviLabs bluetooth DeviLabs bluetooth,1
keeps crashing monitor from MangoByte. heart-rate got better after the latest patch. MangoByte,0
blazing performance camera from OrionTech. packaging got better . camera,1
fell short of expectations tablet from DeviLabs. noise-cancel got better .,0
overall updates keep improving it JaguarX laptop ‚Äî bluetooth is bad. laptop laptop JaguarX bluetooth bluetooth laptop JaguarX JaguarX bluetooth bluetooth laptop JaguarX,1
to be fair UI is a mess OrionTech router ‚Äî heart-rate is solid.,0
overall great value for money DeviLabs support ‚Äî charging is solid. #fail jugaad,1
never again Banyan e-bike. keyboard feels terrible. keyboard keyboard e-bike,0
seamless integration PineLabs fitness band. design feels bad!? PineLabs design PineLabs PineLabs fitness band PineLabs fitness band PineLabs design PineLabs,1
absolutely loved it camera from ByteWorks. noise-cancel got better for the price. ByteWorks camera camera ByteWorks camera camera noise-cancel camera ByteWorks ByteWorks ByteWorks ByteWorks camera ByteWorks noise-cancel camera,1
does not work headphones from Banyan. build got better out of the box!? headphones Banyan headphones headphones Banyan Banyan Banyan,0
honestly Zenxel update: poor quality; esp. latency. Zenxel,0
to be fair top-notch JaguarX fitness band ‚Äî display is bad. fitness band fitness band display,1
frankly will buy again MangoByte support ‚Äî gps is solid. https://example.com MangoByte support support MangoByte,1
honestly PineLabs power bank: UI is a mess; esp. latency.,0
would not recommend OrionTech tablet. firmware feels terrible.,0
overall absolutely loved it MangoByte smartwatch ‚Äî stability is solid.,1
tbh SkyLeaf camera: UI feels intuitive; esp. build. timepass SkyLeaf build camera build build SkyLeaf build build SkyLeaf SkyLeaf SkyLeaf camera camera camera camera camera,1
audio is muffled KiteX fitness band. firmware feels amazing. fitness band KiteX firmware KiteX firmware fitness band firmware firmware KiteX firmware firmware fitness band fitness band fitness band fitness band fitness band KiteX KiteX,0
support never replied Zenxel laptop. delivery feels ok!!!,0
exctly what I needed PineLabs printer. buld feels ok. printre build pinter PineLabs printer buiild buuild printer priter prniter PnieLabs build build printer build printer,1
tbh setup was a nightmare NovaCore router ‚Äî bluetooth is ok‚Ä¶ router router router router NovaCore NovaCore router bluetooth router NovaCore bluetooth NovaCore NovaCore NovaCore bluetooth NovaCore NovaCore,0
setup was a nightmare earbuds from Qubitron. firmware got better this week. firmware Qubitron earbuds firmware earbuds earbuds Qubitron earbuds,0
MangoByte app: battery drains fast; esp. battery. app battery app battery battery battery,0
great value for money BluePeak power bank. heart-rate feels solid. üî• heart-rate,1
honestly UI is a mess OrionTech streaming stick ‚Äî gps is solid. gps OrionTech streaming stick streaming stick gps streaming stick OrionTech,0
honestly waste of money Qubitron smartwatch ‚Äî charging is bad. Qubitron charging smartwatch charging charging smartwatch smartwatch charging smartwatch smartwatch Qubitron Qubitron,0
returned it the next day tablet from Qubitron. build got better out of the box. tablet,0
cheap materials laptop from KiteX. microphone got better this week. microphone laptop microphone KiteX laptop microphone microphone KiteX microphone KiteX KiteX microphone laptop,0
OrionTech streaming stick: works like a charm; esp. delivery! üöÄ,1
ByteWorks drone: one star; esp. gps. gps gps gps gps ByteWorks drone drone drone ByteWorks gps,0
UI is a mess printer from ByteWorks. pairing got better after the latest patch.,0
never again Qubitron headphones. firmware feels bad. headphones headphones headphones headphones headphones headphones headphones Qubitron headphones Qubitron Qubitron,0
honestly waste of money PineLabs power bank ‚Äî gps is solid!!! PineLabs power bank power bank gps PineLabs power bank power bank PineLabs PineLabs power bank gps PineLabs power bank PineLabs power bank PineLabs gps,0
updates keep improving it KiteX router. delivery feels solid. KiteX KiteX router delivery delivery delivery router router,1
impressive results power bank from PineLabs. battery got better out of the box. PineLabs battery battery battery PineLabs,1
highly recommend SkyLeaf drone. wifi feels amazing. drone drone SkyLeaf wifi wifi wifi SkyLeaf wifi wifi drone SkyLeaf wifi wifi drone SkyLeaf SkyLeaf SkyLeaf wifi,1
tbh Aster streaming stick: pleasant surprise; esp. wifi.,1
Zenxel e-bike: pleasant surprise; esp. wifi. wifi Zenxel e-bike Zenxel Zenxel wifi wifi e-bike wifi,1
overall UI is a mess OrionTech headphones ‚Äî noise-cancel is terrible. ‚ùå,0
keeps crashing BluePeak earbuds. battery feels terrible!? BluePeak battery BluePeak battery earbuds,0
camera is blurry router from NovaCore. display got better for the price!? NovaCore NovaCore NovaCore NovaCore router,0
one star JaguarX update. delivery feels terrible. delivery JaguarX JaguarX JaguarX JaguarX,0
tbh waste of money Qubitron smartwatch ‚Äî gps is amazing. smartwatch gps Qubitron gps smartwatch gps gps smartwatch Qubitron,0
honestly unreliable BluePeak graphics card ‚Äî firmware is terrible! graphics card graphics card firmware firmware BluePeak firmware BluePeak firmware firmware firmware graphics card BluePeak,0
tbh KiteX streaming stick: works like a charm; esp. stability. #deal,1
overall docs are outdated Qubitron drone ‚Äî microphone is amazing. microphone Qubitron microphone Qubitron,0
awful build drone from JaguarX. charging got better after the latest patch. yaar drone drone charging charging JaguarX charging JaguarX,0
impressive results Zenxel camera ‚Äî design is bad‚Ä¶ design camera design,1
great value for money power bank from JaguarX. charging got better for the price. charging JaguarX charging charging power bank power bank power bank power bank power bank,1
tbh DeviLabs router: impressive results; esp. gps. gps DeviLabs gps router router router gps router DeviLabs,1
tbh KiteX camera: battery life is amazing; esp. gps. gps KiteX camera KiteX KiteX gps gps camera KiteX camera camera,1
tbh KiteX action cam: docs are outdated; esp. noise-cancel. action cam noise-cancel action cam noise-cancel noise-cancel noise-cancel noise-cancel KiteX noise-cancel action cam KiteX noise-cancel action cam noise-cancel KiteX KiteX action cam,0
smooth and reliable monitor from DeviLabs. build got better this week. monitor monitor DeviLabs monitor DeviLabs monitor monitor monitor monitor DeviLabs build DeviLabs DeviLabs,1
smooth and reliable JaguarX earbuds. charging feels ok. üî• #avoid earbuds earbuds earbuds earbuds charging,1
JaguraX eabuds: exactly what I needed; esp. packaging. packgaing JaguaX packaging packaging packaging JaguarX earbuds JaguarX eaarbuds earbuds pakcaging JaguarX packaging,1
one star power bank from Acme. packaging got better for the price. power bank packaging packaging power bank power bank Acme Acme packaging Acme packaging Acme power bank power bank packaging power bank packaging,0
awful build drone from ByteWorks. firmware got better . üò§ #upgrade drone drone firmware drone drone firmware ByteWorks firmware drone drone,0
laggy to the point of useless laptop from PineLabs. stability got better for the price.,0
tbh Qubirton streaming stic:k overheats qiuckly; essp. packaging!!,0
superb quality Acme fitness band. charging feels bad. üôå fitness band charging Acme charging Acme,1
updates keep improving it SkyLeaf graphics card. bluetooth feels solid. graphics card graphics card graphics card graphics card graphics card bluetooth graphics card SkyLeaf SkyLeaf SkyLeaf SkyLeaf graphics card bluetooth bluetooth,1
tbh MangoByte drone: smooth and reliable; esp. heart-rate.,1
tbh NovaCore router: one star; esp. design. #mustbuy router NovaCore router design router design router router design NovaCore design router,0
tbh battery life is amazing Aster action cam ‚Äî display is bad. https://example.com,1
conffusing and cluunky graphics card fom Aster. stability got better . üêû Aster Asteer stabiliy stability graphics card graphics card,0
to be fair impressive results Zenxel support ‚Äî stability is solid. support support support stability support stability stability support Zenxel stability support support support,1
pleasant surprise tablet from NovaCore. wifi got better after the latest patch. ‚úÖ pakka wifi wifi wifi tablet,1
awful build Acme action cam. microphone feels great.,0
camera is blurry KiteX update. gps feels great. KiteX KiteX KiteX gps update,0
frustrating router from JaguarX. packaging got better .,0
does not work support from DeviLabs. charging got better on sale.,0
honestly Acme printer: pleasant surprise; esp. bluetooth!? printer printer bluetooth bluetooth bluetooth,1
setup was a nightmare Zenxel monitor. pairing feels terrible. monitor monitor monitor Zenxel pairing pairing Zenxel,0
frustrating e-bike from NovaCore. build got better out of the box!? #fail https://example.com,0
to be fair SkyLeaf e-bike: fell short of expectations; esp. heart-rate. e-bike e-bike,0
